S.NO	A.NO	COM	O.RANK	C.RANK	MARK	C.CODE	BRANCH	CHOICE NO	A.CATEGORY
12	229579	SC	30	1	199	0004	AE	1	OC
56	246711	BCM	107	3	197.75	0004	AE	1	OC
71	206642	OC	135	-	197.5	0004	CS	2	OC
73	203060	MBC/DNC	137	16	197.5	0004	EC	1	OC
88	194315	BC	162	99	197	0004	EC	1	OC
96	182154	MBC/DNC	174	19	197	0004	AE	1	OC
100	170428	BCM	180	13	197	0004	CS	2	OC
120	101013	OC	211	-	196.5	0004	CS	2	OC
131	171377	BC	233	143	196.5	0004	CS	2	OC
135	165010	OC	241	-	196.5	0004	CS	2	OC
155	208462	BC	278	167	196	0004	MF	1	OC
168	191705	BC	294	179	196	0004	AE	1	OC
173	195817	BC	300	181	196	0004	CS	2	OC
194	126210	BC	331	202	195.5	0004	EC	2	OC
195	178111	BC	332	203	195.5	0004	CS	2	OC
197	195658	BCM	335	21	195.5	0004	CS	2	OC
203	180134	OC	343	-	195.5	0004	EC	2	OC
210	142338	BC	358	218	195.5	0004	CS	2	OC
224	157692	MBC/DNC	380	55	195.5	0004	AE	1	OC
230	235228	OC	390	-	195.33	0004	CS	3	OC
232	180075	BC	392	235	195.25	0004	EC	2	OC
236	244931	MBC/DNC	397	57	195.25	0004	CS	1	OC
239	141843	BC	400	242	195.25	0004	CS	2	OC
248	194676	OC	417	-	195	0004	CS	3	OC
252	103913	BCM	422	23	195	0004	AE	1	OC
260	196692	BC	432	254	195	0004	CS	1	OC
266	122670	OC	439	-	195	0004	CS	2	OC
270	135122	OC	444	-	195	0004	CS	3	OC
277	105161	BC	453	264	195	0004	EC	2	OC
279	192253	BC	456	267	195	0004	CS	3	OC
288	197989	BC	472	277	195	0004	EC	2	OC
290	157903	BC	474	278	195	0004	AE	1	OC
295	199436	BC	485	285	195	0004	MF	1	OC
307	104174	BC	498	293	194.75	0004	EC	1	OC
311	182088	BC	505	297	194.75	0004	CS	2	OC
317	180551	BC	514	305	194.75	0004	AE	1	OC
318	203517	BC	516	307	194.5	0004	CS	2	OC
322	243963	BC	523	311	194.5	0004	EC	1	OC
329	108495	BC	532	314	194.5	0004	CS	2	BC
335	179095	OC	538	-	194.5	0004	CM	4	OC
337	106753	MBC/DNC	542	83	194.5	0004	AE	1	OC
354	150098	OC	564	-	194.5	0004	CM	4	OC
357	101712	BC	568	336	194.5	0004	CS	2	BC
367	148807	BC	582	343	194.5	0004	CS	2	BC
376	159831	BC	595	353	194.5	0004	AE	1	OC
380	245427	MBC/DNC	608	91	194.25	0004	CS	2	MBC_DNC
383	127899	BC	615	367	194.25	0004	CS	2	BC
387	136813	MBC/DNC	624	97	194.25	0004	EC	2	OC
390	106112	BC	628	375	194	0004	EC	1	OC
399	174666	MBC/DNC	637	100	194	0004	EC	2	OC
402	163978	OC	641	-	194	0004	CM	4	OC
413	132798	OC	657	-	194	0004	CM	4	OC
415	148443	BC	659	391	194	0004	CS	2	BC
431	207786	OC	678	-	194	0004	CM	4	OC
441	202020	BC	689B	404B	194	0004	CS	3	BC
457	153044	BC	714	418	194	0004	CS	3	BC
463	225075	BC	721	423	194	0004	CS	3	BC
466	191796	BC	727	428	194	0004	CS	1	BC
468	161366	OC	730	-	194	0004	CM	4	OC
469	233292	BC	731	430	194	0004	CS	3	BC
473	144006	OC	736	-	194	0004	CM	4	OC
480	176855	OC	745	-	193.75	0004	CM	5	OC
486	236187	BC	755	442	193.75	0004	CS	3	BC
489	164418	OC	762	-	193.67	0004	CM	4	OC
490	190347	BC	763	445	193.67	0004	CS	3	BC
493	187727	MBC/DNC	766	120	193.5	0004	CS	2	MBC_DNC
495	180423	OC	768	-	193.5	0004	CM	4	OC
500	144355	BC	773	453	193.5	0004	CS	3	BC
501	182185	BC	774	454	193.5	0004	EC	4	OC
505	124135	BC	779	459	193.5	0004	EC	3	OC
508	166003	BC	784	462	193.5	0004	CS	2	BC
515	209367	BC	791	467	193.5	0004	EC	4	OC
529	229975	MBC/DNC	810	128	193.5	0004	CS	1	MBC_DNC
530	149896	OC	812	-	193.5	0004	CM	4	OC
536	152710	BC	819	486	193.5	0004	EC	4	OC
541	126537	OC	825	-	193.5	0004	CM	4	OC
543	191477	OC	831	-	193.5	0004	EC	4	OC
549	170597	SCA	840	2	193.5	0004	AE	1	OC
552	231601	BC	844	504	193.5	0004	EC	3	BC
553	122194	BC	845	505	193.33	0004	CS	3	BC
555	227138	BC	847	507	193.33	0004	EC	1	BC
562	163616	BC	857	515	193.25	0004	CS	3	BC
566	240465	BC	863	520	193.25	0004	EC	3	BC
569	183109	BC	866	522	193.25	0004	EC	3	BC
571	205009	MBC/DNC	868	136	193.25	0004	CS	2	MBC_DNC
577	172223	BC	876	525	193	0004	CM	4	OC
578	237735	BC	877	526	193	0004	CM	4	OC
580	182515	OC	879	-	193	0004	EM	5	OC
586	149362	OC	887	-	193	0004	AE	1	OC
589	135203	BC	890	532	193	0004	CM	4	OC
590	187913	BC	891	533	193	0004	CM	4	OC
593	142127	OC	894	-	193	0004	EM	4	OC
603	137918	OC	913	-	193	0004	CM	7	OC
604	143812	OC	914	-	193	0004	CM	4	OC
616	233134	BC	933	549	193	0004	EC	2	BC
621	106339	BC	939	554	193	0004	EC	3	BC
624	207802	MBC/DNC	945	146	193	0004	CS	2	MBC_DNC
627	101799	BC	950	562	193	0004	CM	5	BC
641	101482	MBC/DNC	974	149	193	0004	CS	2	MBC_DNC
645	133418	BC	981	584	193	0004	CM	4	BC
646	128618	BC	983	586	193	0004	MF	1	OC
654	187542	BC	1000	597	192.75	0004	CM	4	BC
656	181065	BC	1002	598	192.75	0004	EI	4	OC
660	199446	BC	1008	602	192.75	0004	EC	1	BC
662	185170	BC	1011	604	192.75	0004	CM	4	BC
669	210068	MBC/DNC	1025	155	192.5	0004	AE	1	OC
670	193407	MBC/DNC	1026	156	192.5	0004	CS	2	MBC_DNC
685	138867	BC	1041	628	192.5	0004	CM	4	BC
702	213402	OC	1063	-	192.5	0004	IM	8	OC
705	162809	BC	1068	647	192.5	0004	EC	2	BC
707	252454	BC	1073	650	192.5	0004	CM	4	BC
708	155492	BC	1075	652	192.5	0004	EC	5	BC
712	169279	OC	1079	-	192.5	0004	IM	6	OC
714	165528	MBC/DNC	1081	161	192.5	0004	EC	3	MBC_DNC
717	152995	OC	1087	-	192.5	0004	IM	6	OC
719	145841	OC	1090	-	192.5	0004	EM	5	OC
721	156237	BC	1092	658	192.5	0004	AE	1	OC
724	234169	OC	1099	-	192.5	0004	EM	7	OC
727	140815	OC	1104	-	192.5	0004	EM	8	OC
730	163270	OC	1108	-	192.5	0004	IM	9	OC
732	223539	OC	1110	-	192.33	0004	EM	9	OC
733	182234	OC	1111	-	192.33	0004	EM	9	OC
744	250966	BC	1125	675	192.25	0004	CM	4	BC
746	253097	BC	1128	677	192.25	0004	CM	4	BC
750	238096	BC	1137	685	192	0004	EC	3	BC
754	105297	OC	1142	-	192	0004	MF	10	OC
775	120629	OC	1171	-	192	0004	IM	6	OC
779	164696	OC	1178	-	192	0004	IM	8	OC
784	209919	MBC/DNC	1185	177	192	0004	AE	1	OC
788	134732	BC	1190	718	192	0004	CM	4	BC
790	176169	MBC/DNC	1192	178	192	0004	CS	2	MBC_DNC
792	169965	OC	1198	-	192	0004	IM	6	OC
794	128430	BC	1205	724	192	0004	CM	3	BC
795	178822	OC	1206	-	192	0004	EM	11	OC
796	197008	OC	1207	-	192	0004	IM	6	OC
797	100012	BC	1209	726	192	0004	CM	4	BC
800	211334	OC	1212	-	192	0004	EM	4	OC
801	148693	BC	1213	728	192	0004	CM	4	BC
803	149000	BC	1217	730	192	0004	CM	2	BC
805	140569	OC	1221	-	192	0004	AE	1	OC
808	136750	OC	1226	-	192	0004	EM	6	OC
809	145496	BC	1227	731	192	0004	EI	1	OC
811	153353	BC	1229	732	192	0004	EC	4	BC
813	154873	BC	1232	734	192	0004	CM	2	BC
814	153233	OC	1233	-	192	0004	EM	6	OC
820	167952	OC	1240	-	192	0004	MF	2	OC
821	133663	OC	1242	-	192	0004	IM	6	OC
823	143646	BC	1244	738	192	0004	CM	4	BC
827	158154	BC	1249	743	192	0004	EC	2	BC
836	119098	BC	1263	754	192	0004	EI	1	OC
837	162895	OC	1263A	-	192	0004	EM	8	OC
845	190310	OC	1275	-	192	0004	EM	8	OC
864	121606	BC	1299	774	192	0004	CM	4	BC
868	122713	BC	1306	777	192	0004	EC	4	BC
870	100117	BC	1312	781	192	0004	AE	1	OC
871	172403	BC	1313	782	192	0004	EC	3	BC
880	179437	BC	1323	788	191.75	0004	EM	6	OC
897	236016	BC	1346	804	191.5	0004	EM	8	OC
900	151019	OC	1351	-	191.5	0004	MF	2	OC
910	100735	BC	1361	814	191.5	0004	EM	4	OC
916	146167	BC	1369	821	191.5	0004	MF	1	OC
917	103075	BC	1370	822	191.5	0004	EM	4	OC
921	126434	OC	1374	-	191.5	0004	EM	11	OC
923	124556	BC	1376	825	191.5	0004	EM	9	OC
926	138098	MBC/DNC	1379	213	191.5	0004	CS	1	MBC_DNC
928	175645	BCM	1383	43	191.5	0004	EC	2	BCM
932	191170	BC	1388	834	191.5	0004	EM	8	OC
934	177106	OC	1391	-	191.5	0004	IM	6	OC
938	224758	OC	1395	-	191.5	0004	EI	6	OC
940	173632	BC	1398	842	191.5	0004	EM	2	OC
948	192198	BC	1409	850	191.5	0004	MF	3	OC
958	145993	OC	1426	-	191.5	0004	IM	6	OC
959	145450	OC	1427	-	191.5	0004	IM	6	OC
960	204279	BC	1428	861	191.5	0004	EM	7	OC
966	135561	BC	1435	865	191.5	0004	EM	8	OC
969	163396	BC	1439	867	191.5	0004	EM	4	OC
975	246508	MBC/DNC	1450	224	191.5	0004	CS	2	MBC_DNC
977	171515	BC	1453	876	191.5	0004	EM	8	OC
979	135578	OC	1458	-	191.5	0004	EM	6	OC
981	166657	OC	1461	-	191.5	0004	EM	10	OC
982	213265	BC	1465	882	191.5	0004	EM	11	OC
984	195160	OC	1471	-	191.5	0004	EM	6	OC
990	102616	MBC/DNC	1480	230	191.5	0004	CS	2	MBC_DNC
993	153799	BC	1485	893	191.5	0004	EM	9	OC
994	181283	BC	1486	894	191.5	0004	EM	8	OC
996	191348	MBC/DNC	1488	231	191.5	0004	CS	4	MBC_DNC
998	194023	OC	1490	-	191.33	0004	MF	2	OC
1010	206070	BC	1507	907	191.25	0004	EM	8	OC
1012	137976	BC	1510	909	191.25	0004	EM	6	OC
1022	165573	OC	1525	-	191	0004	IM	6	OC
1028	165169	MBC/DNC	1531	238	191	0004	EC	3	MBC_DNC
1037	171930	MBC/DNC	1544	241	191	0004	EI	1	OC
1042	224692	MBC/DNC	1551	243	191	0004	EC	4	MBC_DNC
1046	108157	MBC/DNC	1556	246	191	0004	MF	1	OC
1050	208584	OC	1562	-	191	0004	IM	5	OC
1058	164256	BC	1577	952	191	0004	EM	9	OC
1060	125987	OC	1579	-	191	0004	IM	9	OC
1073	148975	BC	1596	963	191	0004	AE	6	BC
1074	105351	OC	1598	-	191	0004	IM	6	OC
1079	179342	OC	1606	-	191	0004	EM	8	OC
1080	182400	OC	1608	-	191	0004	IM	8	OC
1087	149542	MBC/DNC	1617	256	191	0004	CM	4	MBC_DNC
1091	244878	BC	1626	982	191	0004	EM	9	OC
1100	139508	OC	1639	-	191	0004	EM	4	OC
1104	152170	OC	1644	-	191	0004	IM	8	OC
1108	123972	BC	1650	994	191	0004	AE	1	BC
1119	106109	OC	1667	-	191	0004	IM	7	OC
1133	163732	BC	1692	1017	191	0004	AE	1	BC
1135	175982	BC	1694	1018	191	0004	EM	4	BC
1138	178341	BC	1701	1023	191	0004	AE	1	BC
1139	201502	MBC/DNC	1702	268	190.75	0004	CM	4	MBC_DNC
1140	188872	MBC/DNC	1703	269	190.75	0004	EC	4	MBC_DNC
1142	243639	BC	1706	1024	190.75	0004	AE	1	BC
1145	185829	MBC/DNC	1711	271	190.75	0004	AU	1	OC
1146	182262	BC	1712	1028	190.75	0004	EM	6	BC
1150	163172	MBC/DNC	1721	273	190.75	0004	CM	4	MBC_DNC
1159	143640	MBC/DNC	1733	275	190.67	0004	CM	2	MBC_DNC
1164	230771	MBC/DNC	1738	276	190.67	0004	CM	4	MBC_DNC
1165	211239	MBC/DNC	1739	277	190.5	0004	AE	4	MBC_DNC
1168	138106	BC	1743	1047	190.5	0004	AE	1	BC
1174	212639	BC	1751	1053	190.5	0004	EM	8	BC
1175	196086	OC	1752	-	190.5	0004	IM	7	OC
1185	128233	BC	1765	1059	190.5	0004	IM	5	OC
1186	189139	OC	1766	-	190.5	0004	MF	2	OC
1193	100629	BC	1774	1067	190.5	0004	IM	6	OC
1196	119281	BC	1780	1070	190.5	0004	IM	5	OC
1197	150000	BC	1781	1071	190.5	0004	IM	6	OC
1204	209419	BC	1792	1079	190.5	0004	EI	6	OC
1206	119051	BC	1794	1080	190.5	0004	EM	10	BC
1212	183691	BC	1802	1087	190.5	0004	IM	6	OC
1213	123776	BC	1803	1088	190.5	0004	IM	6	OC
1214	171398	BC	1804	1089	190.5	0004	EM	8	BC
1215	242712	OC	1805	-	190.5	0004	IM	6	OC
1220	100718	BC	1812	1094	190.5	0004	AE	1	BC
1223	181406	BC	1818	1097	190.5	0004	AE	1	BC
1226	179205	BC	1822	1100	190.5	0004	EM	4	BC
1229	157997	BC	1825	1103	190.5	0004	EM	7	BC
1230	188663	BC	1826	1104	190.5	0004	EM	6	BC
1235	144000	OC	1834	-	190.5	0004	IM	6	OC
1243	129978	MBC/DNC	1852	288	190.5	0004	EC	2	MBC_DNC
1244	120783	OC	1858	-	190.5	0004	EI	6	OC
1245	139129	OC	1859	-	190.5	0004	EI	6	OC
1249	190330	BC	1869	1125	190.5	0004	EM	4	BC
1250	192903	BC	1871	1127	190.5	0004	IM	6	OC
1251	133817	OC	1872	-	190.5	0004	IM	8	OC
1253	209405	BC	1874	1128	190.5	0004	MF	6	OC
1254	176452	OC	1875	-	190.5	0004	IM	6	OC
1255	145209	BC	1876	1129	190.5	0004	EM	6	BC
1257	171402	BC	1878	1130	190.5	0004	EM	5	BC
1261	171768	MBC/DNC	1885	291	190.5	0004	EC	4	MBC_DNC
1264	154822	OC	1890	-	190.5	0004	IM	6	OC
1266	162790	MBC/DNC	1894	294	190.5	0004	CM	4	MBC_DNC
1268	242574	MBC/DNC	1898	295	190.5	0004	EC	3	MBC_DNC
1270	125923	BC	1900	1140	190.5	0004	EM	9	BC
1272	126954	BC	1902	1141	190.5	0004	EM	10	BC
1283	197996	BC	1918	1146	190.25	0004	AE	1	BC
1284	244254	MBC/DNC	1919	303	190.25	0004	CM	4	MBC_DNC
1291	137389	BC	1932	1157	190.25	0004	EM	5	BC
1294	128187	BC	1938	1160	190	0004	EM	6	BC
1298	100565	BC	1946	1166	190	0004	AE	5	BC
1301	211362	BC	1952	1170	190	0004	IM	6	OC
1303	159544	MBC/DNC	1955	305	190	0004	EC	2	MBC_DNC
1315	190506	BC	1968	1183	190	0004	AE	1	BC
1316	105724	OC	1968A	-	190	0004	IM	7	OC
1320	179061	OC	1973	-	190	0004	IM	4	OC
1322	144098	BC	1975	1188	190	0004	IM	5	OC
1323	195737	BC	1976	1189	190	0004	RP	1	OC
1329	134803	BC	1982	1195	190	0004	EM	5	BC
1330	189547	MBC/DNC	1983	307	190	0004	EC	2	MBC_DNC
1331	231648	BC	1984	1196	190	0004	IM	6	BC
1334	122008	BC	1988	1199	190	0004	IM	6	BC
1335	123489	BC	1989	1200	190	0004	IM	7	BC
1336	102936	BC	1992	1202	190	0004	EM	9	BC
1339	131597	BC	1995	1205	190	0004	AE	1	BC
1347	227587	BC	2006	1215	190	0004	AU	4	OC
1348	177865	OC	2007	-	190	0004	MF	2	OC
1349	148554	BC	2007A	1215A	190	0004	EM	12	BC
1351	121698	BC	2009	1216	190	0004	EM	6	BC
1355	105642	BC	2013	1220	190	0004	EM	6	BC
1357	148697	BC	2016	1222	190	0004	IM	7	BC
1358	225575	BC	2017	1223	190	0004	EM	8	BC
1367	230956	SCA	2027	7	190	0004	CS	2	SCA
1369	174588	BC	2029	1230	190	0004	EM	8	BC
1370	175554	MBC/DNC	2031	310	190	0004	CM	4	MBC_DNC
1371	212385	BC	2032	1232	190	0004	EM	2	BC
1372	126565	BC	2035	1234	190	0004	EM	6	BC
1373	100519	BC	2036	1235	190	0004	IM	6	BC
1378	121807	BC	2046	1239	190	0004	EM	4	BC
1379	152529	BC	2047	1240	190	0004	MF	3	OC
1381	147780	MBC/DNC	2051	314	190	0004	CM	2	MBC_DNC
1385	124465	BC	2056	1244	190	0004	IM	2	BC
1392	196950	BC	2063	1248	190	0004	IM	6	BC
1394	151067	BC	2066	1250	190	0004	MF	2	OC
1395	196401	BC	2067	1251	190	0004	IM	8	BC
1396	191030	BC	2069	1252	190	0004	EM	6	BC
1398	152356	BCM	2073	61	190	0004	EC	2	BCM
1405	134508	BC	2083	1257	190	0004	IM	6	BC
1407	107729	BC	2085	1259	190	0004	MF	2	OC
1416	237907	BC	2097	1266	190	0004	EM	4	BC
1417	180223	BC	2098	1267	190	0004	EM	7	BC
1421	184500	OC	2105	-	190	0004	EI	10	OC
1426	142589	MBC/DNC	2117	322	190	0004	CM	4	MBC_DNC
1436	169828	BC	2131	1279	190	0004	EM	6	BC
1441	170016	OC	2138	-	190	0004	EI	8	OC
1445	153182	BC	2142	1284	190	0004	IM	3	BC
1451	140354	OC	2156	-	190	0004	EI	12	OC
1458	121959	BCM	2168	63	190	0004	AE	2	BCM
1462	150674	BC	2173	1298	190	0004	AE	1	BC
1467	145460	BC	2180	1301	190	0004	EM	4	BC
1469	183844	BC	2182	1303	190	0004	EI	6	OC
1472	196859	BC	2185	1305	190	0004	IM	10	BC
1475	211343	OC	2188	-	190	0004	MF	3	OC
1477	146522	BC	2190	1306	190	0004	MF	6	BC
1478	134875	BC	2191	1307	190	0004	IM	10	BC
1484	145571	OC	2208	-	190	0004	EI	4	OC
1487	148903	BC	2211	1315	190	0004	IM	8	BC
1490	147053	BC	2216	1317	190	0004	IM	6	BC
1492	180087	BC	2218	1318	190	0004	IM	11	BC
1496	142657	OC	2224	-	190	0004	PR	5	OC
1498	159609	OC	2232	-	190	0004	EI	16	OC
1500	242410	MBC/DNC	2234	337	190	0004	CM	2	MBC_DNC
1504	159230	OC	2245	-	190	0004	EI	5	OC
1507	204617	BC	2250	1329	190	0004	EI	4	OC
1512	205387	MBC/DNC	2260	338	190	0004	EC	4	MBC_DNC
1513	198058	BC	2262	1337	190	0004	IM	13	BC
1515	196679	SC	2264	68	190	0004	CS	2	SC
1520	192516	BC	2270	1340	190	0004	MF	2	BC
1524	135930	BC	2279	1348	190	0004	IM	2	BC
1528	173216	BC	2287	1351	190	0004	AE	1	BC
1533	126013	MBC/DNC	2294	341	190	0004	EC	5	MBC_DNC
1539	125078	BC	2306	1362	190	0004	IM	9	BC
1542	226726	OC	2310	-	190	0004	EI	10	OC
1543	127330	BC	2312	1366	190	0004	IM	6	BC
1549	172362	OC	2323	-	190	0004	EI	12	OC
1553	126211	BC	2331	1373	190	0004	MF	8	BC
1558	150643	BC	2343	1379	190	0004	IM	6	BC
1561	181251	BC	2347	1380	190	0004	MF	2	BC
1562	171394	BC	2349	1381	190	0004	IM	11	BC
1566	192331	BC	2354	1384	190	0004	MF	10	BC
1567	106107	MBC/DNC	2356	350	190	0004	AE	1	MBC_DNC
1577	166395	BC	2373	1392	190	0004	MF	8	BC
1584	129527	BC	2388	1401	190	0004	AE	5	BC
1586	182968	BC	2390	1402	190	0004	IM	11	BC
1587	158621	MBC/DNC	2391	354	190	0004	EC	2	MBC_DNC
1588	125524	BC	2393	1404	190	0004	IM	6	BC
1589	121009	BC	2397	1406	190	0004	MF	8	BC
1590	137495	BC	2399	1407	190	0004	IM	4	BC
1593	126878	BC	2404	1409	190	0004	IM	7	BC
1594	186759	BC	2408	1411	190	0004	IM	4	BC
1603	164705	BCM	2418	71	190	0004	CS	3	BCM
1606	152793	BC	2422	1419	190	0004	EI	1	BC
1609	130553	BC	2427	1422	190	0004	IM	5	BC
1615	163737	BC	2437	1427	190	0004	IM	3	BC
1620	150652	BC	2442	1430	190	0004	MF	2	BC
1624	150244	BC	2448	1436	190	0004	AE	1	BC
1633	133271	BC	2463	1441	190	0004	IM	6	BC
1638	180505	BC	2470	1446	190	0004	IM	11	BC
1651	180409	BC	2490	1455	190	0004	IM	6	BC
1665	131232	MBC/DNC	2512	368	190	0004	IM	5	MBC_DNC
1674	153551	BC	2526	1472	190	0004	EI	7	BC
1678	150577	BC	2535	1476	190	0004	MF	11	BC
1680	145857	OC	2538	-	190	0004	PR	13	OC
1689	186024	BC	2548	1484	190	0004	MF	3	BC
1697	126361	OC	2563	-	190	0004	AS	13	OC
1708	171150	BC	2581	1499	190	0004	EI	9	BC
1721	141461	BC	2609	1517	190	0004	MF	2	BC
1733	171272	BC	2625	1527	190	0004	MF	5	BC
1752	210523	SC	2650	77	189.75	0004	EC	2	SC
1756	212551	MBC/DNC	2655	389	189.75	0004	IM	5	MBC_DNC
1769	211728	BC	2671	1556	189.75	0004	EI	6	BC
1775	179897	BC	2679	1563	189.67	0004	AU	4	OC
1777	178182	BC	2682	1564	189.5	0004	MF	11	BC
1801	137916	BCM	2715	76	189.5	0004	EI	4	BCM
1839	136606	BC	2777	1625	189.5	0004	EI	5	BC
1855	180173	MBC/DNC	2803	415	189.5	0004	IM	5	MBC_DNC
1857	196226	BC	2805	1638	189.5	0004	EI	4	BC
1867	150551	SC	2826	85	189.5	0004	CS	2	SC
1871	197319	SC	2835	86	189.5	0004	CS	2	SC
1881	147924	BC	2852	1659	189.5	0004	EI	6	BC
1907	102656	BC	2884	1680	189.5	0004	AU	1	OC
1918	240403	SC	2900	87	189.5	0004	EC	1	SC
1930	237527	BC	2915	1702	189.25	0004	EI	3	BC
1970	140871	BC	2971	1737	189	0004	EI	5	BC
1976	158502	BC	2977	1740	189	0004	EI	12	BC
1984	226686	BC	2988	1747	189	0004	EI	7	BC
2048	142806	SC	3083	92	189	0004	EC	1	SC
2057	168868	MBC/DNC	3098	459	189	0004	MF	1	MBC_DNC
2058	124570	MBC/DNC	3099	460	189	0004	EM	4	MBC_DNC
2063	223512	MBC/DNC	3105	462	189	0004	EI	4	MBC_DNC
2064	210227	MBC/DNC	3106	463	189	0004	AE	1	MBC_DNC
2066	198369	MBC/DNC	3108	464	189	0004	PR	1	OC
2070	195420	BC	3116	1819	189	0004	EI	11	BC
2077	133355	SC	3129	94	189	0004	EC	2	SC
2082	184375	BCM	3140	86	189	0004	CM	8	BCM
2098	181731	BC	3163	1843	189	0004	EI	6	BC
2099	201710	MBC/DNC	3164	471	188.75	0004	MF	2	MBC_DNC
2100	248522	MBC/DNC	3165	472	188.75	0004	AE	1	MBC_DNC
2107	196363	MBC/DNC	3177	475	188.75	0004	EM	4	MBC_DNC
2108	249468	BC	3178	1851	188.75	0004	AU	14	OC
2130	125361	MBC/DNC	3214	484	188.5	0004	PR	1	OC
2135	135419	BC	3223	1877	188.5	0004	EI	13	BC
2145	152920	BCM	3237	90	188.5	0004	CM	7	BCM
2151	142138	BC	3246	1886	188.5	0004	AU	4	OC
2155	144507	MBC/DNC	3251	494	188.5	0004	AE	1	MBC_DNC
2159	225412	BC	3255	1892	188.5	0004	EI	11	BC
2167	195777	MBC/DNC	3269	496	188.5	0004	EM	8	MBC_DNC
2175	178531	MBC/DNC	3290	500	188.5	0004	EM	5	MBC_DNC
2178	101176	SC	3294	101	188.5	0004	CS	2	SC
2193	171637	BC	3319	1927	188.5	0004	EI	8	BC
2197	130915	BC	3325	1930	188.5	0004	AU	6	OC
2199	167917	MBC/DNC	3327	504	188.5	0004	AE	1	MBC_DNC
2200	157177	BC	3328	1932	188.5	0004	RP	2	OC
2203	181306	BCM	3331	95	188.5	0004	IM	8	BCM
2208	189259	SC	3336	102	188.5	0004	EC	2	SC
2233	164270	BC	3368	1953	188.5	0004	AU	4	OC
2250	138986	BC	3396	1970	188.5	0004	AU	7	OC
2253	207178	MBC/DNC	3400	517	188.5	0004	EM	4	MBC_DNC
2255	171789	MBC/DNC	3403	518	188.5	0004	IM	6	MBC_DNC
2272	225650	MBC/DNC	3427	522	188.25	0004	EM	4	MBC_DNC
2275	237775	BC	3434	1997	188	0004	AU	4	OC
2279	236082	BCM	3440	97	188	0004	EM	8	BCM
2293	225319	MBC/DNC	3463	527	188	0004	AE	1	MBC_DNC
2309	106911	MBC/DNC	3484	530	188	0004	AE	1	MBC_DNC
2332	178846	BC	3516	2056	188	0004	AS	8	OC
2348	226319	BC	3537	2066	188	0004	AU	17	OC
2362	188315	BC	3555	2082	188	0004	AU	6	OC
2371	190680	BC	3567	2089	188	0004	AU	9	OC
2385	180684	MBC/DNC	3588	538	188	0004	IM	6	MBC_DNC
2388	207492	OC	3592	-	188	0004	AU	7	OC
2391	142946	SC	3597	114	188	0004	CS	3	SC
2402	211349	OC	3610	-	188	0004	AU	4	OC
2409	249504	BC	3617	2117	188	0004	RP	6	OC
2448	239597	BCM	3682	103	188	0004	IM	2	BCM
2457	171105	SC	3695	117	187.75	0004	AU	1	OC
2522	178808	MBC/DNC	3777	566	187.5	0004	IM	3	MBC_DNC
2543	168220	MBC/DNC	3814	568	187.5	0004	EM	7	MBC_DNC
2555	154550	MBC/DNC	3836	569	187.5	0004	IM	2	MBC_DNC
2558	225455	BCM	3840	112	187.5	0004	IM	3	BCM
2563	148900	OC	3847	-	187.5	0004	AU	15	OC
2578	187610	MBC/DNC	3866	574	187.5	0004	EM	8	MBC_DNC
2589	161872	MBC/DNC	3883	579	187.5	0004	IM	6	MBC_DNC
2594	168715	MBC/DNC	3892	581	187.5	0004	EI	3	MBC_DNC
2597	171491	MBC/DNC	3895	582	187.5	0004	EM	9	MBC_DNC
2602	242384	MBC/DNC	3903	585	187.5	0004	IM	8	MBC_DNC
2611	126593	BCM	3913	116	187.5	0004	IM	4	BCM
2612	107865	MBC/DNC	3916	587	187.5	0004	AU	1	OC
2614	186132	MBC/DNC	3918	589	187.5	0004	EM	6	MBC_DNC
2628	228859	SC	3943	125	187.25	0004	CS	2	SC
2629	232383	MBC/DNC	3944	598	187.25	0004	AE	6	MBC_DNC
2650	196724	BCM	3976	119	187	0004	EI	4	BCM
2671	157460	BC	4005	2342	187	0004	AU	4	BC
2680	163066	MBC/DNC	4025	613	187	0004	IM	6	MBC_DNC
2694	192578	MBC/DNC	4044	616	187	0004	PR	2	OC
2700	224905	MBC/DNC	4054	619	187	0004	EM	11	MBC_DNC
2706	172638	BC	4061	2373	187	0004	AU	15	BC
2723	132850	MBC/DNC	4083	624	187	0004	EM	11	MBC_DNC
2740	125751	BC	4108	2405	187	0004	AU	13	BC
2741	181226	MBC/DNC	4109	630	187	0004	EM	9	MBC_DNC
2748	202691	MBC/DNC	4119	633	187	0004	EM	3	MBC_DNC
2750	211411	BC	4121	2413	187	0004	AU	8	BC
2771	130969	BCM	4147	121	187	0004	EM	7	BCM
2775	193040	MBC/DNC	4152	639	187	0004	IM	6	MBC_DNC
2784	142930	MBC/DNC	4167	643	187	0004	AE	6	MBC_DNC
2785	100266	MBC/DNC	4168	644	187	0004	EI	8	MBC_DNC
2791	120705	MBC/DNC	4183	646	187	0004	EM	9	MBC_DNC
2799	194200	MBC/DNC	4200	648	187	0004	EM	4	MBC_DNC
2803	172214	MBC/DNC	4207	651	187	0004	IM	5	MBC_DNC
2811	244781	BC	4218	2466	186.75	0004	AU	1	BC
2812	235422	BCM	4223	123	186.75	0004	EM	6	BCM
2822	236780	MBC/DNC	4233	660	186.75	0004	IM	9	MBC_DNC
2826	235876	SCA	4239	12	186.75	0004	AE	1	SCA
2829	175513	MBC/DNC	4247	665	186.5	0004	EM	4	MBC_DNC
2832	170201	SC	4251	139	186.5	0004	EC	1	SC
2852	238576	BC	4274	2499	186.5	0004	PR	15	OC
2859	186477	MBC/DNC	4283	668	186.5	0004	EM	11	MBC_DNC
2873	108184	MBC/DNC	4303	675	186.5	0004	MF	6	MBC_DNC
2906	177884	BC	4359	2548	186.5	0004	PR	9	OC
2922	179326	BC	4377	2560	186.5	0004	AU	17	BC
2939	158884	OC	4399	-	186.5	0004	AS	7	OC
2957	232533	MBC/DNC	4422	696	186.5	0004	EM	4	MBC_DNC
2958	143631	MBC/DNC	4424	697	186.5	0004	MF	3	MBC_DNC
2980	187646	MBC/DNC	4452	704	186.5	0004	EM	8	MBC_DNC
2985	163534	MBC/DNC	4460	706	186.5	0004	IM	9	MBC_DNC
2992	140911	BC	4473	2611	186.5	0004	AU	16	BC
3019	239945	OC	4509	-	186	0004	PR	20	OC
3025	108770	MBC/DNC	4519	718	186	0004	EM	6	MBC_DNC
3032	127522	MBC/DNC	4529	721	186	0004	EI	6	MBC_DNC
3042	108298	BCM	4541	132	186	0004	EM	11	BCM
3065	121150	BC	4576	2677	186	0004	AU	2	BC
3066	199640	OC	4577	-	186	0004	PR	23	OC
3068	162080	OC	4580	-	186	0004	AS	12	OC
3079	138028	MBC/DNC	4601	736	186	0004	IM	7	MBC_DNC
3081	150691	MBC/DNC	4603	738	186	0004	AE	5	MBC_DNC
3108	187842	MBC/DNC	4637	743	186	0004	EM	2	MBC_DNC
3126	163824	BC	4664	2727	186	0004	AU	5	BC
3128	207661	BC	4668	2730	186	0004	RP	1	OC
3129	163981	MBC/DNC	4670	750	186	0004	EI	12	MBC_DNC
3132	185716	MBC/DNC	4675	751	186	0004	IM	4	MBC_DNC
3134	152455	MBC/DNC	4678	752	186	0004	EI	5	MBC_DNC
3142	197431	OC	4687	-	186	0004	AS	22	OC
3144	179469	BCM	4689	136	186	0004	EM	4	BCM
3147	156518	MBC/DNC	4693	755	186	0004	MF	8	MBC_DNC
3155	138423	MBC/DNC	4707	760	186	0004	IM	9	MBC_DNC
3158	144230	MBC/DNC	4719	761	186	0004	IM	7	MBC_DNC
3161	144219	MBC/DNC	4725	762	186	0004	IM	9	MBC_DNC
3167	121730	BC	4733	2768	186	0004	PR	7	OC
3181	152857	MBC/DNC	4754	768	186	0004	MF	2	MBC_DNC
3201	166465	BC	4802	2807	186	0004	AU	4	BC
3209	194875	MBC/DNC	4816	779	185.75	0004	MF	3	MBC_DNC
3215	235942	MBC/DNC	4824	780	185.75	0004	IM	5	MBC_DNC
3218	246526	BC	4827	2820	185.75	0004	AS	4	OC
3235	125505	MBC/DNC	4851	787	185.5	0004	IM	6	MBC_DNC
3239	124911	MBC/DNC	4855	788	185.5	0004	IM	7	MBC_DNC
3246	226259	SC	4865	164	185.5	0004	EC	1	SC
3252	105671	BC	4871	2846	185.5	0004	PR	15	OC
3253	169205	MBC/DNC	4872	791	185.5	0004	EM	7	MBC_DNC
3296	201113	BCM	4941	139	185.5	0004	AE	1	BCM
3320	123130	MBC/DNC	4974	805	185.5	0004	IM	6	MBC_DNC
3321	191689	MBC/DNC	4975	806	185.5	0004	MF	4	MBC_DNC
3328	143854	MBC/DNC	4982	809	185.5	0004	EI	7	MBC_DNC
3341	152547	OC	4995	-	185.5	0004	AS	14	OC
3344	226518	BC	4998	2920	185.5	0004	PR	9	OC
3354	101092	BC	5009	2930	185.5	0004	AU	15	BC
3364	184137	BC	5020	2939	185.5	0004	AU	3	BC
3373	166889	MBC/DNC	5031	816	185.5	0004	MF	2	MBC_DNC
3378	149994	MBC/DNC	5037	818	185.5	0004	EI	12	MBC_DNC
3388	149454	OC	5051	-	185.5	0004	PR	10	OC
3422	163009	OC	5101	-	185.5	0004	AS	20	OC
3427	208185	BC	5107	2991	185.25	0004	PR	2	OC
3433	241203	SC	5121	176	185	0004	AE	1	SC
3434	141171	BC	5124	3000	185	0004	AU	3	BC
3440	102092	BC	5131	3007	185	0004	PR	15	OC
3452	234358	MBC/DNC	5146	848	185	0004	MF	13	MBC_DNC
3460	201287	MBC/DNC	5161	850	185	0004	EI	6	MBC_DNC
3501	124712	MBC/DNC	5218	862	185	0004	MF	2	MBC_DNC
3504	134787	MBC/DNC	5221	863	185	0004	EI	4	MBC_DNC
3510	180307	MBC/DNC	5232	866	185	0004	MF	2	MBC_DNC
3512	104928	BC	5234	3060	185	0004	AU	22	BC
3514	225592	BC	5237	3062	185	0004	AU	9	BC
3523	143441	BC	5247	3070	185	0004	AU	2	BC
3546	228256	MBC/DNC	5284	874	185	0004	EI	11	MBC_DNC
3548	163936	BC	5286	3095	185	0004	AS	2	OC
3558	150149	BC	5298	3105	185	0004	AS	23	OC
3590	210853	MBC/DNC	5341	882	185	0004	AE	1	MBC_DNC
3591	145195	OC	5342	-	185	0004	PR	4	OC
3662	127595	OC	5452	-	184.5	0004	PR	18	OC
3671	238343	SC	5466	192	184.5	0004	CS	2	SC
3675	133435	BC	5470	3197	184.5	0004	AS	3	OC
3760	119850	MBC/DNC	5577	930	184.5	0004	AU	6	MBC_DNC
3833	242252	MBC/DNC	5680	946	184	0004	AU	8	MBC_DNC
3834	127434	BC	5682	3328	184	0004	PR	15	OC
3920	106272	SC	5807	210	184	0004	EC	2	SC
3928	171206	BCM	5818	168	184	0004	MF	13	BCM
3947	226042	OC	5841	-	184	0004	AS	28	OC
3949	172713	BC	5844	3427	184	0004	PR	6	BC
3966	141285	OC	5868	-	184	0004	AS	15	OC
4002	144720	BC	5924	3478	184	0004	AS	13	OC
4026	171345	BC	5960	3503	184	0004	AS	13	OC
4027	227303	BC	5961	3504	184	0004	AS	8	OC
4039	179391	BC	5981	3516	184	0004	AS	6	OC
4058	246142	SC	6006	215	183.75	0004	EC	2	SC
4085	226077	MBC/DNC	6044	1013	183.5	0004	AU	11	MBC_DNC
4102	172224	SC	6068	222	183.5	0004	CM	4	SC
4180	153277	BC	6179	3636	183.5	0004	AS	16	OC
4184	211188	BCM	6184	183	183.5	0004	MF	11	BCM
4189	123788	OC	6192	-	183.5	0004	AS	21	OC
4222	231570	SC	6247	233	183.5	0004	CM	4	SC
4250	185282	SC	6287	236	183.25	0004	AE	1	SC
4336	148834	BC	6409	3780	183	0004	AS	7	BC
4372	186458	BC	6460	3812	183	0004	AS	16	BC
4375	174516	MBC/DNC	6463	1083	183	0004	AU	8	MBC_DNC
4431	194421	BC	6543	3863	183	0004	PR	18	BC
4445	134681	BC	6566	3877	183	0004	AS	19	BC
4449	190252	MBC/DNC	6572	1104	183	0004	PR	10	MBC_DNC
4569	201350	SC	6752	257	182.5	0004	AE	2	SC
4608	180440	BC	6812	4021	182.5	0004	AS	12	BC
4624	122607	SC	6832	263	182.5	0004	CM	4	SC
4626	160471	BC	6834	4034	182.5	0004	AS	10	BC
4640	139779	BC	6851	4046	182.5	0004	RP	3	OC
4641	162323	BC	6852	4047	182.5	0004	PR	23	BC
4670	144247	SC	6889	266	182.5	0004	CM	4	SC
4679	180185	BC	6905	4081	182.5	0004	AS	5	BC
4707	173021	BC	6944	4101	182	0004	PR	15	BC
4736	189172	SC	6982	271	182	0004	AE	4	SC
4760	150476	SC	7011	274	182	0004	CM	4	SC
4838	100206	BC	7126	4216	182	0004	AS	9	BC
4883	132926	BC	7191	4253	182	0004	AS	16	BC
4888	180231	SC	7198	281	182	0004	CM	4	SC
4893	182106	BCM	7205	224	182	0004	AU	2	BCM
4899	174791	BC	7224	4274	182	0004	AS	17	BC
4901	166979	BC	7226	4275	182	0004	PR	13	BC
4921	232496	SC	7251	283	181.75	0004	AU	1	SC
4937	129895	BC	7268	4298	181.5	0004	RP	6	OC
4958	184981	BCM	7297	230	181.5	0004	RP	1	OC
4969	211882	SC	7311	286	181.5	0004	AE	3	SC
4999	157587	MBC/DNC	7352	1252	181.5	0004	AU	5	MBC_DNC
5006	147099	BC	7362	4360	181.5	0004	AS	13	BC
5013	172203	BC	7370	4367	181.5	0004	PR	15	BC
5017	147118	SC	7375	288	181.5	0004	AE	1	SC
5050	104128	SC	7423	290	181.5	0004	CM	4	SC
5113	160735	BC	7518	4458	181.5	0004	AS	2	BC
5203	133518	BC	7657	4541	181	0004	AS	7	BC
5213	159015	MBC/DNC	7668	1320	181	0004	AS	5	MBC_DNC
5223	191737	MBC/DNC	7680	1321	181	0004	AU	5	MBC_DNC
5224	213102	BC	7681	4556	181	0004	PR	8	BC
5264	160090	BC	7736	4589	181	0004	PR	2	BC
5295	100988	BC	7784	4620	181	0004	PR	4	BC
5316	240009	BC	7811	4641	181	0004	PR	7	BC
5326	132737	BC	7827	4650	181	0004	RP	17	OC
5334	151320	BCM	7842	250	181	0004	AS	16	BCM
5368	193967	SC	7905	307	180.75	0004	MF	2	SC
5420	101046	BC	7981	4741	180.5	0004	PR	6	BC
5484	180494	SC	8069	316	180.5	0004	EI	8	SC
5508	180521	BC	8103	4827	180.5	0004	AS	17	BC
5551	108656	BC	8157	4858	180.5	0004	AS	19	BC
5576	122919	OC	8192	-	180.5	0004	RP	1	OC
5585	142189	BC	8204	4886	180.5	0004	PR	4	BC
5604	212896	SC	8239	323	180.25	0004	PR	1	SC
5668	138994	SC	8334	331	180	0004	EM	6	SC
5683	149751	BC	8352	4977	180	0004	AS	30	BC
5700	167574	MBC/DNC	8377	1444	180	0004	AU	2	MBC_DNC
5712	190440	MBC/DNC	8392	1447	180	0004	PR	8	MBC_DNC
5720	192053	BC	8407	5008	180	0004	PR	24	BC
5722	154333	SC	8413	334	180	0004	AE	3	SC
5734	177069	BC	8433	5028	180	0004	AS	3	BC
5740	153018	MBC/DNC	8439	1455	180	0004	AU	19	MBC_DNC
5761	242915	BC	8473	5055	180	0004	PR	9	BC
5820	189369	BC	8563	5105	180	0004	RP	4	OC
5879	183159	MBC/DNC	8652	1492	179.5	0004	AU	11	MBC_DNC
5881	168275	MBC/DNC	8654	1493	179.5	0004	AU	5	MBC_DNC
5908	153543	SC	8687	341	179.5	0004	AE	2	SC
5986	137969	BC	8797	5250	179.5	0004	PR	9	BC
6009	185438	BCM	8831	282	179.5	0004	PR	1	BCM
6048	158843	SC	8899	349	179.25	0004	AU	1	SC
6063	175523	BCM	8925	288	179	0004	AU	2	BCM
6065	164143	SC	8927	354	179	0004	CM	2	SC
6071	246909	SC	8936	357	179	0004	AE	3	SC
6125	226674	MBC/DNC	9004	1559	179	0004	AS	2	MBC_DNC
6145	154864	SC	9030	363	179	0004	PR	3	SC
6155	106978	MBC/DNC	9043	1571	179	0004	PR	23	MBC_DNC
6167	152334	SC	9059	365	179	0004	CM	3	SC
6176	194423	BC	9071	5410	179	0004	RP	19	OC
6313	171348	OC	9274	-	178.5	0004	RP	5	OC
6314	165762	SC	9275	375	178.5	0004	EM	10	SC
6335	166229	OC	9306	-	178.5	0004	RP	12	OC
6377	126753	MBC/DNC	9357	1634	178.5	0004	PR	1	MBC_DNC
6505	141327	BC	9538	5695	178.5	0004	RP	7	OC
6537	239325	BCM	9590	318	178.25	0004	PR	3	BCM
6553	140687	MBC/DNC	9611	1684	178	0004	AU	9	MBC_DNC
6593	175172	SC	9660	395	178	0004	EM	7	SC
6666	235537	MBC/DNC	9756	1725	178	0004	AS	12	MBC_DNC
6681	194894	BC	9778	5837	178	0004	RP	22	OC
6703	156374	BC	9812	5859	178	0004	RP	21	OC
6712	151956	SC	9822	403	178	0004	MF	2	SC
